Carrier pad,Row,From antenna end,Photo silk,Assigned net
1,LEFT,1,3V3,+3V3
2,LEFT,2,3V3,+3V3
3,LEFT,3,RST,NC
4,LEFT,4,4,MQ_ADC
5,LEFT,5,5,MQ_DO_3V3
6,LEFT,6,6,GPIO6
7,LEFT,7,7,GPIO7
8,LEFT,8,15,NC
9,LEFT,9,16,RADAR_OUT_ESP
10,LEFT,10,17,RADAR_TX_ESP
11,LEFT,11,18,RADAR_RX_ESP
12,LEFT,12,8,I2C_SDA
13,LEFT,13,3,NC
14,LEFT,14,46,NC
15,LEFT,15,9,I2C_SCL
16,LEFT,16,10,GPIO10
17,LEFT,17,11,GPIO11
18,LEFT,18,12,SERVO_PWM
19,LEFT,19,13,NC
20,LEFT,20,14,NC
21,LEFT,21,5V,ESP32_5V
22,LEFT,22,GND,GND
23,RIGHT,1,GND,GND
24,RIGHT,2,TX43,NC
25,RIGHT,3,RX44,NC
26,RIGHT,4,1,NC
27,RIGHT,5,2,NC
28,RIGHT,6,42,NC
29,RIGHT,7,41,NC
30,RIGHT,8,40,NC
31,RIGHT,9,39,NC
32,RIGHT,10,38,NC
33,RIGHT,11,37,NC
34,RIGHT,12,36,NC
35,RIGHT,13,35,NC
36,RIGHT,14,0,NC
37,RIGHT,15,45,NC
38,RIGHT,16,48,NC
39,RIGHT,17,47,NC
40,RIGHT,18,21,NC
41,RIGHT,19,20,NC
42,RIGHT,20,19,NC
43,RIGHT,21,GND,GND
44,RIGHT,22,GND,GND
