Reference,Pin,Pin label,Net,X mm,Y mm,Rotation deg
J1,1,3V3,+3V3,55,7.62,0
J1,2,3V3,+3V3,55,7.62,0
J1,3,RST,,55,7.62,0
J1,4,4,MQ_ADC,55,7.62,0
J1,5,5,MQ_DO_3V3,55,7.62,0
J1,6,6,GPIO6,55,7.62,0
J1,7,7,GPIO7,55,7.62,0
J1,8,15,,55,7.62,0
J1,9,16,RADAR_OUT_ESP,55,7.62,0
J1,10,17,RADAR_TX_ESP,55,7.62,0
J1,11,18,RADAR_RX_ESP,55,7.62,0
J1,12,8,I2C_SDA,55,7.62,0
J1,13,3,,55,7.62,0
J1,14,46,,55,7.62,0
J1,15,9,I2C_SCL,55,7.62,0
J1,16,10,GPIO10,55,7.62,0
J1,17,11,GPIO11,55,7.62,0
J1,18,12,SERVO_PWM,55,7.62,0
J1,19,13,,55,7.62,0
J1,20,14,,55,7.62,0
J1,21,5V,ESP32_5V,55,7.62,0
J1,22,GND,GND,55,7.62,0
J1,23,GND,GND,55,7.62,0
J1,24,TX43,,55,7.62,0
J1,25,RX44,,55,7.62,0
J1,26,1,,55,7.62,0
J1,27,2,,55,7.62,0
J1,28,42,,55,7.62,0
J1,29,41,,55,7.62,0
J1,30,40,,55,7.62,0
J1,31,39,,55,7.62,0
J1,32,38,,55,7.62,0
J1,33,37,,55,7.62,0
J1,34,36,,55,7.62,0
J1,35,35,,55,7.62,0
J1,36,0,,55,7.62,0
J1,37,45,,55,7.62,0
J1,38,48,,55,7.62,0
J1,39,47,,55,7.62,0
J1,40,21,,55,7.62,0
J1,41,20,,55,7.62,0
J1,42,19,,55,7.62,0
J1,43,GND,GND,55,7.62,0
J1,44,GND,GND,55,7.62,0
J2,1,ADDR,BH_ADDR,9,25,90
J2,2,SDA,I2C_SDA,9,25,90
J2,3,SCL,I2C_SCL,9,25,90
J2,4,GND,GND,9,25,90
J2,5,VCC,+3V3,9,25,90
J3,1,VCC,+3V3,84,25,90
J3,2,GND,GND,84,25,90
J3,3,SCL,I2C_SCL,84,25,90
J3,4,SDA,I2C_SDA,84,25,90
J3,5,SDO,BME_ADDR,84,25,90
J3,6,CS,BME_CS,84,25,90
J4,1,TX,RADAR_TX,24,52,0
J4,2,RX,RADAR_RX,24,52,0
J4,3,OUT,RADAR_OUT,24,52,0
J4,4,GND,GND,24,52,0
J4,5,VCC,SENSOR_5V,24,52,0
J5,1,VCC,SENSOR_5V,85,70,90
J5,2,GND,GND,85,70,90
J5,3,DO,MQ_DO_RAW,85,70,90
J5,4,AO,MQ_AO_RAW,85,70,90
JP1,1,GND,GND,10,29.5,0
JP1,2,ADDR,BH_ADDR,10,29.5,0
JP1,3,3V3,+3V3,10,29.5,0
JP2,1,GND,GND,88,32,0
JP2,2,ADDR,BME_ADDR,88,32,0
JP2,3,3V3,+3V3,88,32,0
J6,1,EXT5V_RAW,EXT_5V_RAW,90,82,0
J6,2,GND,GND,90,82,0
JP3,1,USB,ESP32_5V,80,78,90
JP3,2,SENSOR,SENSOR_5V,80,78,90
JP3,3,EXT,EXT_5V,80,78,90
J7,1,3V3,+3V3,32,12,0
J7,2,GND,GND,32,12,0
J7,3,SDA,I2C_SDA,32,12,0
J7,4,SCL,I2C_SCL,32,12,0
J8,1,GND,GND,78,8,0
J8,2,3V3,+3V3,78,8,0
J8,3,IO6,GPIO6,78,8,0
J9,1,GND,GND,78,18,0
J9,2,3V3,+3V3,78,18,0
J9,3,IO7,GPIO7,78,18,0
J10,1,GND,GND,78,32,0
J10,2,3V3,+3V3,78,32,0
J10,3,IO10,GPIO10,78,32,0
J11,1,GND,GND,78,42,0
J11,2,3V3,+3V3,78,42,0
J11,3,IO11,GPIO11,78,42,0
J12,1,GND,GND,8,73,90
J12,2,5V_SERVO,5V_SERVO,8,73,90
J12,3,SIGNAL,SERVO_SIGNAL,8,73,90
J13,1,SERVO5V_RAW,SERVO_5V_RAW,18,80,0
J13,2,GND,GND,18,80,0
TP1,1,TP_5V,SENSOR_5V,100,88,0
TP2,1,TP_3V3,+3V3,32,25,0
TP3,1,TP_GND,GND,32,29,0
TP4,1,TP_SDA,I2C_SDA,32,22.5,0
TP5,1,TP_SCL,I2C_SCL,32,8,0
TP6,1,TP_LD_TX,RADAR_TX,32,51,0
TP7,1,TP_LD_RX,RADAR_RX,32,55,0
TP8,1,TP_LD_OUT,RADAR_OUT,32,59,0
TP9,1,TP_MQ_AO_RAW,MQ_AO_RAW,107,32,0
TP10,1,TP_MQ_ADC,MQ_ADC,107,40,0
TP11,1,TP_MQ_DO,MQ_DO_3V3,107,36,0
