Reference,Pin,Pin name,Net,Section,Value,DNP
J1,1,3V3,+3V3,ESP32 Carrier,ESP32-S3 N16R8 / USER MODULE,False
J1,2,3V3,+3V3,ESP32 Carrier,ESP32-S3 N16R8 / USER MODULE,False
J1,3,RST,NO CONNECT,ESP32 Carrier,ESP32-S3 N16R8 / USER MODULE,False
J1,4,4,MQ_ADC,ESP32 Carrier,ESP32-S3 N16R8 / USER MODULE,False
J1,5,5,MQ_DO_3V3,ESP32 Carrier,ESP32-S3 N16R8 / USER MODULE,False
J1,6,6,GPIO6,ESP32 Carrier,ESP32-S3 N16R8 / USER MODULE,False
J1,7,7,GPIO7,ESP32 Carrier,ESP32-S3 N16R8 / USER MODULE,False
J1,8,15,NO CONNECT,ESP32 Carrier,ESP32-S3 N16R8 / USER MODULE,False
J1,9,16,RADAR_OUT_ESP,ESP32 Carrier,ESP32-S3 N16R8 / USER MODULE,False
J1,10,17,RADAR_TX_ESP,ESP32 Carrier,ESP32-S3 N16R8 / USER MODULE,False
J1,11,18,RADAR_RX_ESP,ESP32 Carrier,ESP32-S3 N16R8 / USER MODULE,False
J1,12,8,I2C_SDA,ESP32 Carrier,ESP32-S3 N16R8 / USER MODULE,False
J1,13,3,NO CONNECT,ESP32 Carrier,ESP32-S3 N16R8 / USER MODULE,False
J1,14,46,NO CONNECT,ESP32 Carrier,ESP32-S3 N16R8 / USER MODULE,False
J1,15,9,I2C_SCL,ESP32 Carrier,ESP32-S3 N16R8 / USER MODULE,False
J1,16,10,GPIO10,ESP32 Carrier,ESP32-S3 N16R8 / USER MODULE,False
J1,17,11,GPIO11,ESP32 Carrier,ESP32-S3 N16R8 / USER MODULE,False
J1,18,12,SERVO_PWM,ESP32 Carrier,ESP32-S3 N16R8 / USER MODULE,False
J1,19,13,NO CONNECT,ESP32 Carrier,ESP32-S3 N16R8 / USER MODULE,False
J1,20,14,NO CONNECT,ESP32 Carrier,ESP32-S3 N16R8 / USER MODULE,False
J1,21,5V,ESP32_5V,ESP32 Carrier,ESP32-S3 N16R8 / USER MODULE,False
J1,22,GND,GND,ESP32 Carrier,ESP32-S3 N16R8 / USER MODULE,False
J1,23,GND,GND,ESP32 Carrier,ESP32-S3 N16R8 / USER MODULE,False
J1,24,TX43,NO CONNECT,ESP32 Carrier,ESP32-S3 N16R8 / USER MODULE,False
J1,25,RX44,NO CONNECT,ESP32 Carrier,ESP32-S3 N16R8 / USER MODULE,False
J1,26,1,NO CONNECT,ESP32 Carrier,ESP32-S3 N16R8 / USER MODULE,False
J1,27,2,NO CONNECT,ESP32 Carrier,ESP32-S3 N16R8 / USER MODULE,False
J1,28,42,NO CONNECT,ESP32 Carrier,ESP32-S3 N16R8 / USER MODULE,False
J1,29,41,NO CONNECT,ESP32 Carrier,ESP32-S3 N16R8 / USER MODULE,False
J1,30,40,NO CONNECT,ESP32 Carrier,ESP32-S3 N16R8 / USER MODULE,False
J1,31,39,NO CONNECT,ESP32 Carrier,ESP32-S3 N16R8 / USER MODULE,False
J1,32,38,NO CONNECT,ESP32 Carrier,ESP32-S3 N16R8 / USER MODULE,False
J1,33,37,NO CONNECT,ESP32 Carrier,ESP32-S3 N16R8 / USER MODULE,False
J1,34,36,NO CONNECT,ESP32 Carrier,ESP32-S3 N16R8 / USER MODULE,False
J1,35,35,NO CONNECT,ESP32 Carrier,ESP32-S3 N16R8 / USER MODULE,False
J1,36,0,NO CONNECT,ESP32 Carrier,ESP32-S3 N16R8 / USER MODULE,False
J1,37,45,NO CONNECT,ESP32 Carrier,ESP32-S3 N16R8 / USER MODULE,False
J1,38,48,NO CONNECT,ESP32 Carrier,ESP32-S3 N16R8 / USER MODULE,False
J1,39,47,NO CONNECT,ESP32 Carrier,ESP32-S3 N16R8 / USER MODULE,False
J1,40,21,NO CONNECT,ESP32 Carrier,ESP32-S3 N16R8 / USER MODULE,False
J1,41,20,NO CONNECT,ESP32 Carrier,ESP32-S3 N16R8 / USER MODULE,False
J1,42,19,NO CONNECT,ESP32 Carrier,ESP32-S3 N16R8 / USER MODULE,False
J1,43,GND,GND,ESP32 Carrier,ESP32-S3 N16R8 / USER MODULE,False
J1,44,GND,GND,ESP32 Carrier,ESP32-S3 N16R8 / USER MODULE,False
J2,1,ADDR,BH_ADDR,I2C Sensors,GY-302 BH1750,False
J2,2,SDA,I2C_SDA,I2C Sensors,GY-302 BH1750,False
J2,3,SCL,I2C_SCL,I2C Sensors,GY-302 BH1750,False
J2,4,GND,GND,I2C Sensors,GY-302 BH1750,False
J2,5,VCC,+3V3,I2C Sensors,GY-302 BH1750,False
J3,1,VCC,+3V3,I2C Sensors,BME688,False
J3,2,GND,GND,I2C Sensors,BME688,False
J3,3,SCL,I2C_SCL,I2C Sensors,BME688,False
J3,4,SDA,I2C_SDA,I2C Sensors,BME688,False
J3,5,SDO,BME_ADDR,I2C Sensors,BME688,False
J3,6,CS,BME_CS,I2C Sensors,BME688,False
J4,1,TX,RADAR_TX,LD2410C Radar,LD2410C,False
J4,2,RX,RADAR_RX,LD2410C Radar,LD2410C,False
J4,3,OUT,RADAR_OUT,LD2410C Radar,LD2410C,False
J4,4,GND,GND,LD2410C Radar,LD2410C,False
J4,5,VCC,SENSOR_5V,LD2410C Radar,LD2410C,False
J5,1,VCC,SENSOR_5V,MQ Gas Sensor,MQ GAS,False
J5,2,GND,GND,MQ Gas Sensor,MQ GAS,False
J5,3,DO,MQ_DO_RAW,MQ Gas Sensor,MQ GAS,False
J5,4,AO,MQ_AO_RAW,MQ Gas Sensor,MQ GAS,False
JP1,1,GND,GND,I2C Sensors,GND DEFAULT / 3V3 OPTION,False
JP1,2,ADDR,BH_ADDR,I2C Sensors,GND DEFAULT / 3V3 OPTION,False
JP1,3,3V3,+3V3,I2C Sensors,GND DEFAULT / 3V3 OPTION,False
JP2,1,GND,GND,I2C Sensors,GND DEFAULT / 3V3 OPTION,False
JP2,2,ADDR,BME_ADDR,I2C Sensors,GND DEFAULT / 3V3 OPTION,False
JP2,3,3V3,+3V3,I2C Sensors,GND DEFAULT / 3V3 OPTION,False
R1,1,1,+3V3,I2C Sensors,10k,False
R1,2,2,BME_CS,I2C Sensors,10k,False
R2,1,1,+3V3,I2C Sensors,4.7k DNP,True
R2,2,2,I2C_SDA,I2C Sensors,4.7k DNP,True
R3,1,1,+3V3,I2C Sensors,4.7k DNP,True
R3,2,2,I2C_SCL,I2C Sensors,4.7k DNP,True
R4,1,1,MQ_AO_RAW,MQ Gas Sensor,6.8k,False
R4,2,2,MQ_ADC_FILTER,MQ Gas Sensor,6.8k,False
R5,1,1,MQ_ADC_FILTER,MQ Gas Sensor,7.5k,False
R5,2,2,GND,MQ Gas Sensor,7.5k,False
C1,1,+,MQ_ADC_FILTER,MQ Gas Sensor,100nF,False
C1,2,GND,GND,MQ Gas Sensor,100nF,False
R6,1,1,MQ_DO_RAW,MQ Gas Sensor,33k,False
R6,2,2,MQ_BASE,MQ Gas Sensor,33k,False
R7,1,1,MQ_BASE,MQ Gas Sensor,100k,False
R7,2,2,GND,MQ Gas Sensor,100k,False
R8,1,1,+3V3,MQ Gas Sensor,10k,False
R8,2,2,MQ_DO_3V3,MQ Gas Sensor,10k,False
Q1,1,G,MQ_BASE,MQ Gas Sensor,AO3400A,False
Q1,2,S,GND,MQ Gas Sensor,AO3400A,False
Q1,3,D,MQ_DO_3V3,MQ Gas Sensor,AO3400A,False
R21,1,1,SENSOR_5V,MQ Gas Sensor,10k,False
R21,2,2,MQ_DO_RAW,MQ Gas Sensor,10k,False
U1,1,SEL1,SENSOR_ENABLE,LD2410C Radar,TMUX1511PWR,False
U1,2,S1,RADAR_TX_LIMIT,LD2410C Radar,TMUX1511PWR,False
U1,3,D1,RADAR_TX_ESP,LD2410C Radar,TMUX1511PWR,False
U1,4,SEL2,SENSOR_ENABLE,LD2410C Radar,TMUX1511PWR,False
U1,5,S2,RADAR_RX_ESP,LD2410C Radar,TMUX1511PWR,False
U1,6,D2,RADAR_RX_SWITCH,LD2410C Radar,TMUX1511PWR,False
U1,7,GND,GND,LD2410C Radar,TMUX1511PWR,False
U1,8,D3,RADAR_OUT_ESP,LD2410C Radar,TMUX1511PWR,False
U1,9,S3,RADAR_OUT_LIMIT,LD2410C Radar,TMUX1511PWR,False
U1,10,SEL3,SENSOR_ENABLE,LD2410C Radar,TMUX1511PWR,False
U1,11,D4,MQ_ADC,LD2410C Radar,TMUX1511PWR,False
U1,12,S4,MQ_ADC_FILTER,LD2410C Radar,TMUX1511PWR,False
U1,13,SEL4,SENSOR_ENABLE,LD2410C Radar,TMUX1511PWR,False
U1,14,VDD,+3V3,LD2410C Radar,TMUX1511PWR,False
C2,1,+,+3V3,LD2410C Radar,100nF,False
C2,2,GND,GND,LD2410C Radar,100nF,False
R20,1,1,SENSOR_5V,Power,10k,False
R20,2,2,SENSOR_ENABLE,Power,10k,False
R9,1,1,RADAR_TX,LD2410C Radar,1k,False
R9,2,2,RADAR_TX_LIMIT,LD2410C Radar,1k,False
R10,1,1,RADAR_RX_SWITCH,LD2410C Radar,1k,False
R10,2,2,RADAR_RX,LD2410C Radar,1k,False
R11,1,1,RADAR_OUT,LD2410C Radar,1k,False
R11,2,2,RADAR_OUT_LIMIT,LD2410C Radar,1k,False
R12,1,1,RADAR_TX_ESP,LD2410C Radar,100k,False
R12,2,2,GND,LD2410C Radar,100k,False
R13,1,1,RADAR_OUT_ESP,LD2410C Radar,100k,False
R13,2,2,GND,LD2410C Radar,100k,False
R14,1,1,RADAR_RX,LD2410C Radar,100k,False
R14,2,2,GND,LD2410C Radar,100k,False
R15,1,1,MQ_ADC,MQ Gas Sensor,100k,False
R15,2,2,GND,MQ Gas Sensor,100k,False
J6,1,EXT5V_RAW,EXT_5V_RAW,Power,5V ONLY EXT SENSOR,False
J6,2,GND,GND,Power,5V ONLY EXT SENSOR,False
Q2,1,G,GND,Power,AO3401A,False
Q2,2,S,EXT_5V,Power,AO3401A,False
Q2,3,D,EXT_5V_RAW,Power,AO3401A,False
JP3,1,USB,ESP32_5V,Power,USB / SENSOR / EXT,False
JP3,2,SENSOR,SENSOR_5V,Power,USB / SENSOR / EXT,False
JP3,3,EXT,EXT_5V,Power,USB / SENSOR / EXT,False
C3,1,+,SENSOR_5V,Power,100uF 16V,False
C3,2,-,GND,Power,100uF 16V,False
C4,1,+,SENSOR_5V,Power,10uF,False
C4,2,GND,GND,Power,10uF,False
C5,1,+,SENSOR_5V,Power,100nF,False
C5,2,GND,GND,Power,100nF,False
C6,1,+,SENSOR_5V,LD2410C Radar,10uF,False
C6,2,GND,GND,LD2410C Radar,10uF,False
C7,1,+,SENSOR_5V,LD2410C Radar,100nF,False
C7,2,GND,GND,LD2410C Radar,100nF,False
C8,1,+,SENSOR_5V,MQ Gas Sensor,10uF,False
C8,2,GND,GND,MQ Gas Sensor,10uF,False
C9,1,+,SENSOR_5V,MQ Gas Sensor,100nF,False
C9,2,GND,GND,MQ Gas Sensor,100nF,False
C10,1,+,+3V3,Power,10uF,False
C10,2,GND,GND,Power,10uF,False
C11,1,+,+3V3,Power,100nF,False
C11,2,GND,GND,Power,100nF,False
R16,1,1,+3V3,Power,2.2k,False
R16,2,2,D1_A,Power,2.2k,False
D1,1,K,GND,Power,GREEN,False
D1,2,A,D1_A,Power,GREEN,False
R17,1,1,SENSOR_5V,Power,2.2k,False
R17,2,2,D2_A,Power,2.2k,False
D2,1,K,GND,Power,AMBER,False
D2,2,A,D2_A,Power,AMBER,False
J7,1,3V3,+3V3,Expansion,EXT I2C,False
J7,2,GND,GND,Expansion,EXT I2C,False
J7,3,SDA,I2C_SDA,Expansion,EXT I2C,False
J7,4,SCL,I2C_SCL,Expansion,EXT I2C,False
J8,1,GND,GND,Expansion,GPIO6,False
J8,2,3V3,+3V3,Expansion,GPIO6,False
J8,3,IO6,GPIO6,Expansion,GPIO6,False
J9,1,GND,GND,Expansion,GPIO7,False
J9,2,3V3,+3V3,Expansion,GPIO7,False
J9,3,IO7,GPIO7,Expansion,GPIO7,False
J10,1,GND,GND,Expansion,GPIO10,False
J10,2,3V3,+3V3,Expansion,GPIO10,False
J10,3,IO10,GPIO10,Expansion,GPIO10,False
J11,1,GND,GND,Expansion,GPIO11,False
J11,2,3V3,+3V3,Expansion,GPIO11,False
J11,3,IO11,GPIO11,Expansion,GPIO11,False
J12,1,GND,GND,Expansion,SERVO,False
J12,2,5V_SERVO,5V_SERVO,Expansion,SERVO,False
J12,3,SIGNAL,SERVO_SIGNAL,Expansion,SERVO,False
J13,1,SERVO5V_RAW,SERVO_5V_RAW,Expansion,5V ONLY SERVO,False
J13,2,GND,GND,Expansion,5V ONLY SERVO,False
Q3,1,G,GND,Expansion,AO3401A,False
Q3,2,S,5V_SERVO,Expansion,AO3401A,False
Q3,3,D,SERVO_5V_RAW,Expansion,AO3401A,False
R18,1,1,SERVO_PWM,Expansion,1k,False
R18,2,2,SERVO_SIGNAL,Expansion,1k,False
R19,1,1,SERVO_SIGNAL,Expansion,100k,False
R19,2,2,GND,Expansion,100k,False
C12,1,+,5V_SERVO,Expansion,10uF,False
C12,2,GND,GND,Expansion,10uF,False
C13,1,+,5V_SERVO,Expansion,100nF,False
C13,2,GND,GND,Expansion,100nF,False
TP1,1,TP_5V,SENSOR_5V,Test Points,TP_5V,False
TP2,1,TP_3V3,+3V3,Test Points,TP_3V3,False
TP3,1,TP_GND,GND,Test Points,TP_GND,False
TP4,1,TP_SDA,I2C_SDA,Test Points,TP_SDA,False
TP5,1,TP_SCL,I2C_SCL,Test Points,TP_SCL,False
TP6,1,TP_LD_TX,RADAR_TX,Test Points,TP_LD_TX,False
TP7,1,TP_LD_RX,RADAR_RX,Test Points,TP_LD_RX,False
TP8,1,TP_LD_OUT,RADAR_OUT,Test Points,TP_LD_OUT,False
TP9,1,TP_MQ_AO_RAW,MQ_AO_RAW,Test Points,TP_MQ_AO_RAW,False
TP10,1,TP_MQ_ADC,MQ_ADC,Test Points,TP_MQ_ADC,False
TP11,1,TP_MQ_DO,MQ_DO_3V3,Test Points,TP_MQ_DO,False
