Socket,Physical pad,Pin label,Net,Actual X mm,Actual Y mm,Mounting view
J2,1,ADDR,BH_ADDR,9.0,25.0,MODULE SENSING FACE UP
J2,2,SDA,I2C_SDA,11.54,25.0,MODULE SENSING FACE UP
J2,3,SCL,I2C_SCL,14.08,25.0,MODULE SENSING FACE UP
J2,4,GND,GND,16.62,25.0,MODULE SENSING FACE UP
J2,5,VCC,+3V3,19.16,25.0,MODULE SENSING FACE UP
J3,1,VCC,+3V3,84.0,25.0,MODULE SENSING FACE UP
J3,2,GND,GND,86.54,25.0,MODULE SENSING FACE UP
J3,3,SCL,I2C_SCL,89.08,25.0,MODULE SENSING FACE UP
J3,4,SDA,I2C_SDA,91.62,25.0,MODULE SENSING FACE UP
J3,5,SDO,BME_ADDR,94.16,25.0,MODULE SENSING FACE UP
J3,6,CS,BME_CS,96.7,25.0,MODULE SENSING FACE UP
J5,1,VCC,SENSOR_5V,85.0,70.0,MODULE SENSING FACE UP
J5,2,GND,GND,87.54,70.0,MODULE SENSING FACE UP
J5,3,DO,MQ_DO_RAW,90.08,70.0,MODULE SENSING FACE UP
J5,4,AO,MQ_AO_RAW,92.62,70.0,MODULE SENSING FACE UP
J4,1,TX,RADAR_TX,24.0,52.0,MODULE SENSING FACE UP
J4,2,RX,RADAR_RX,24.0,54.54,MODULE SENSING FACE UP
J4,3,OUT,RADAR_OUT,24.0,57.08,MODULE SENSING FACE UP
J4,4,GND,GND,24.0,59.62,MODULE SENSING FACE UP
J4,5,VCC,SENSOR_5V,24.0,62.16,MODULE SENSING FACE UP
